Designator,Mid X,Mid Y,Layer,Rotation
C1,40.500000mm,31.000000mm,Bottom,-90.000000
C2,41.000000mm,25.750000mm,Bottom,90.000000
C3,52.750000mm,15.250000mm,Bottom,180.000000
C4,48.750000mm,12.000000mm,Bottom,-90.000000
C5,56.500000mm,12.000000mm,Bottom,-90.000000
C10,11.000000mm,33.750000mm,Bottom,90.000000
C11,18.250000mm,34.000000mm,Bottom,90.000000
C12,18.250000mm,30.000000mm,Bottom,-90.000000
C13,45.250000mm,11.500000mm,Bottom,-90.000000
C14,64.750000mm,18.000000mm,Bottom,0.000000
C15,56.750000mm,15.500000mm,Bottom,180.000000
C16,61.000000mm,19.250000mm,Bottom,90.000000
C17,63.750000mm,21.500000mm,Bottom,90.000000
C18,68.500000mm,29.000000mm,Bottom,0.000000
C19,70.750000mm,19.250000mm,Bottom,90.000000
C30,2.000000mm,26.500000mm,Bottom,90.000000
C31,26.000000mm,22.000000mm,Bottom,-90.000000
C32,25.750000mm,17.250000mm,Bottom,-90.000000
C33,48.500000mm,20.000000mm,Bottom,180.000000
C34,73.500000mm,19.250000mm,Bottom,-90.000000
C35,62.500000mm,10.750000mm,Bottom,180.000000
C36,70.500000mm,11.500000mm,Bottom,0.000000
C37,74.500000mm,11.500000mm,Bottom,180.000000
C38,64.500000mm,29.000000mm,Bottom,0.000000
C39,80.750000mm,10.500000mm,Bottom,0.000000
C50,71.250000mm,35.250000mm,Bottom,180.000000
C60,71.750000mm,27.250000mm,Bottom,-90.000000
C61,77.250000mm,32.000000mm,Bottom,0.000000
C62,90.500000mm,19.500000mm,Bottom,90.000000
C63,92.500000mm,26.000000mm,Bottom,-90.000000
C64,77.250000mm,34.500000mm,Bottom,0.000000
C65,86.000000mm,28.750000mm,Bottom,0.000000
C66,31.000000mm,28.000000mm,Bottom,-90.000000
C67,54.000000mm,28.750000mm,Bottom,180.000000
C68,74.750000mm,15.250000mm,Bottom,90.000000
D1,28.500000mm,12.250000mm,Bottom,180.000000
D2,33.750000mm,34.750000mm,Bottom,-90.000000
D50,60.000000mm,38.750000mm,Bottom,-90.000000
D61,9.750000mm,29.250000mm,Bottom,0.000000
D62,98.500000mm,26.250000mm,Bottom,0.000000
D63,93.750000mm,34.750000mm,Bottom,0.000000
D64,96.000000mm,30.500000mm,Bottom,0.000000
F1,25.000000mm,8.500000mm,Bottom,0.000000
J9,23.700000mm,2.000000mm,Bottom,-90.000000
J10,30.140000mm,2.000000mm,Bottom,-90.000000
J11,45.100000mm,2.000000mm,Bottom,-90.000000
J19,68.140000mm,2.000000mm,Bottom,-90.000000
J20,51.540000mm,2.000000mm,Bottom,-90.000000
R1,36.750000mm,28.500000mm,Bottom,180.000000
R2,35.000000mm,22.500000mm,Bottom,180.000000
R10,9.750000mm,26.000000mm,Bottom,0.000000
R11,14.750000mm,32.750000mm,Bottom,0.000000
R12,24.750000mm,34.000000mm,Bottom,90.000000
R13,28.750000mm,21.000000mm,Bottom,-90.000000
R14,18.500000mm,26.000000mm,Bottom,90.000000
R15,45.250000mm,21.000000mm,Bottom,-90.000000
R16,45.250000mm,15.500000mm,Bottom,90.000000
R17,57.500000mm,18.500000mm,Bottom,180.000000
R18,60.750000mm,15.500000mm,Bottom,0.000000
R19,68.000000mm,19.000000mm,Bottom,90.000000
R20,60.500000mm,26.000000mm,Bottom,90.000000
R21,56.500000mm,26.000000mm,Bottom,0.000000
R22,80.500000mm,32.750000mm,Bottom,90.000000
R23,95.000000mm,26.000000mm,Bottom,90.000000
R24,11.000000mm,37.750000mm,Bottom,90.000000
R30,5.500000mm,29.000000mm,Bottom,180.000000
R31,14.500000mm,25.500000mm,Bottom,0.000000
R32,22.750000mm,22.750000mm,Bottom,0.000000
R33,31.750000mm,15.750000mm,Bottom,0.000000
R34,28.500000mm,16.750000mm,Bottom,90.000000
R35,52.500000mm,20.000000mm,Bottom,0.000000
R36,47.750000mm,16.000000mm,Bottom,90.000000
R37,66.750000mm,15.250000mm,Bottom,180.000000
R38,66.500000mm,11.000000mm,Bottom,0.000000
R39,71.500000mm,14.500000mm,Bottom,0.000000
R40,68.500000mm,22.500000mm,Bottom,180.000000
R41,100.250000mm,31.000000mm,Bottom,0.000000
R42,73.250000mm,32.000000mm,Bottom,180.000000
R43,92.500000mm,30.500000mm,Bottom,90.000000
R44,2.000000mm,30.500000mm,Bottom,90.000000
R50,60.250000mm,34.000000mm,Bottom,90.000000
R51,57.250000mm,39.500000mm,Bottom,90.000000
R52,75.500000mm,38.500000mm,Bottom,90.000000
R53,73.000000mm,38.500000mm,Bottom,-90.000000
R60,84.250000mm,13.250000mm,Bottom,-90.000000
R70,28.750000mm,35.250000mm,Bottom,-90.000000
R71,40.250000mm,10.750000mm,Bottom,90.000000
U1,52.750000mm,12.000000mm,Bottom,0.000000
U4,26.750000mm,28.000000mm,Bottom,-90.000000
U5,54.000000mm,33.000000mm,Bottom,180.000000
U6,79.000000mm,17.000000mm,Bottom,-90.000000
U7,77.250000mm,27.500000mm,Bottom,180.000000
U8,86.000000mm,19.500000mm,Bottom,-90.000000
U9,78.750000mm,38.250000mm,Bottom,90.000000
J1,5.385000mm,25.750000mm,Top,90.000000
J2,47.385000mm,25.750000mm,Top,90.000000
J3,68.385000mm,25.750000mm,Top,90.000000
J4,89.385000mm,25.750000mm,Top,90.000000
