Comment,Designator,Footprint,LCSC Part #
seed3 + 9v,J10,PinHeader_1x10_P2.54mm_Horizontal,C42453959
expansion,J21,PinHeader_1x04_P2.54mm_Horizontal,C32713263
PTC 300mA,F1,Fuse_1206_3216Metric,C19193041
B5819W,D1,D_SOD-123,C8598
SMAJ12A,D2,D_SMA,C113957
22uF 25V,"C1,C2",C_1206_3216Metric,C12891
AMS1117-5.0,U1,SOT-223-3_TabPin2,C6187
LP2985-33,"U2,U7",SOT-23-5,C95414
4.7uF,"C3,C14,C50,C60",C_0805_2012Metric,C1779
10nF,"C5,C13",C_0402_1005Metric,C15195
4.7k,"R3,R4,R9,R10",R_0402_1005Metric,C25900
B0505S-1WR3,U3,DCDC_SIP4_B0505S,C512048
10uF 25V,"C7,C8,C16,C17,C18",C_0805_2012Metric,C15850
ISO7741,U4,SOIC-16W_7.5x10.3mm_P1.27mm,C571196
100nF,"C9,C10,C11,C12,C20,C22,C24,C25,C26,C27,C28,C75,C78",C_0402_1005Metric,C1525
ISO1540,U5,SOIC-8_3.9x4.9mm_P1.27mm,C179739
1uF,"C15,C19,C21,C23,C32,C42,C51,C61,C70,C71,C72,C73",C_0402_1005Metric,C52923
10,R5,R_0402_1005Metric,C25077
10k,"R6,R7,R8,R35,R45",R_0402_1005Metric,C25744
TLV320AIC3204,U9,Texas_RHB0032E_VQFN-32-1EP_5x5mm_P0.5mm_EP3.45x3.45mm,C24109
33,"R11,R12,R13,R14",R_0402_1005Metric,C25105
OPA1652,"U8,U11,U12",SOIC-8_3.9x4.9mm_P1.27mm,C30025
pg-line,"J20,J19",PinHeader_1x06_P2.54mm_Horizontal,C32713265
1k,"R30,R40",R_1206_3216Metric,C4410
1M,"R31,R32,R33,R41,R42,R43",R_0402_1005Metric,C26083
47nF C0G,"C30,C40",C_1206_3216Metric,C5451690
100pF C0G,"C31,C33,C41,C43,C52,C62",C_0402_1005Metric,C1546
20k,"R34,R44",R_0402_1005Metric,C25765
220,"R36,R37,R46,R47",R_0402_1005Metric,C25091
1k,"R51,R52,R61,R62",R_0402_1005Metric,C11702
1,"R50,R60",R_0603_1608Metric,C22936
MCP4461-103,U13,TSSOP-20_4.4x6.5mm_P0.65mm,C638707
10nF C0G,"C74,C76",C_0402_1005Metric,C22400107
TLV9062,U15,VSSOP-8_3x3mm_P0.65mm,C398356
TPA6139A2,U10,TSSOP-14_4.4x5mm_P0.65mm,C2870791
470k,R70,R_0603_1608Metric,C23178
in,"J1,J2",Jack_6.35mm_Neutrik_NMJ6HFD2_Horizontal,C368491
PESD15VL2BT,"D61,D62",SOT-23,C38838
