Item #,Designator,Qty,Manufacturer,Mfg Part #,Description / Value,Package/Footprint,Type,Your Instructions / Notes
1,J10,1,any,,seed3 + 9v,PinHeader_1x10_P2.54mm_Horizontal,THT,"2.54 mm male header, any brand: please fit and solder"
2,F1,1,Littelfuse,1206L030/24NR,PTC 300mA,Fuse_1206_3216Metric,SMD,
3,D1,1,onsemi,SS34,SS34,D_SMA,SMD,
4,D2,1,Littelfuse,SMAJ12A,SMAJ12A,D_SMA,SMD,
5,"C1,C2",2,,CL31A226KAHNNNE,"ceramic capacitor 22uF 25V X7R 1206, 25 V or more",C_1206_3216Metric,SMD,
6,U1,1,AMS,AMS1117-5.0,AMS1117-5.0,SOT-223-3_TabPin2,SMD,
7,U2,1,AMS,AMS1117-3.3,AMS1117-3.3,SOT-223-3_TabPin2,SMD,
8,C3,1,,CL21A226MAQNNNE,"ceramic capacitor 22uF 25V X7R 0805, 25 V or more",C_0805_2012Metric,SMD,
9,U6,1,Texas Instruments,ADS1015IDGSR,ADS1015,MSOP-10_3x3mm_P0.5mm,SMD,
10,"C4,C5,C6,C9,C10,C11,C12,C20,C22,C24,C25,C26",12,any,,"ceramic capacitor 100nF X7R 0603, 25 V or more",C_0603_1608Metric,SMD,any brand with the same value and package
11,"R1,R2",2,any,,resistor 1k 1% 0603,R_0603_1608Metric,SMD,any brand with the same value and package
12,"R3,R4,R9,R10,R36,R46",6,any,,resistor 4.7k 1% 0603,R_0603_1608Metric,SMD,any brand with the same value and package
13,J19,1,any,,pg-hp,PinHeader_1x03_P2.54mm_Horizontal,THT,"2.54 mm male header, any brand: please fit and solder"
14,J20,1,any,,pg-line,PinHeader_1x03_P2.54mm_Horizontal,THT,"2.54 mm male header, any brand: please fit and solder"
15,U3,1,Mornsun,B0505S-1WR3,B0505S-1WR3,DCDC_SIP4_B0505S,THT,"2.54 mm male header, any brand: please fit and solder"
16,"C7,C8,C16,C17,C18",5,,CL21A106KAYNNNE,"ceramic capacitor 10uF 25V X7R 0805, 25 V or more",C_0805_2012Metric,SMD,
17,U4,1,Texas Instruments,ISO7741DWR,ISO7741,SOIC-16W_7.5x10.3mm_P1.27mm,SMD,
18,U5,1,Texas Instruments,ISO1540DR,ISO1540,SOIC-8_3.9x4.9mm_P1.27mm,SMD,
19,U7,1,Texas Instruments,LP2985-33DBVR,LP2985-33,SOT-23-5,SMD,
20,C13,1,any,,"ceramic capacitor 10nF X7R 0603, 25 V or more",C_0603_1608Metric,SMD,any brand with the same value and package
21,C14,1,,CL21A475KAQNNNE,"ceramic capacitor 4.7uF X7R 0805, 25 V or more",C_0805_2012Metric,SMD,
22,"C15,C19,C21,C23,C32,C33,C42,C43",8,any,,"ceramic capacitor 1uF X7R 0603, 25 V or more",C_0603_1608Metric,SMD,any brand with the same value and package
23,R5,1,any,,resistor 10 1% 0603,R_0603_1608Metric,SMD,any brand with the same value and package
24,"R6,R7,R8,R35,R45,R50,R60",7,any,,resistor 10k 1% 0603,R_0603_1608Metric,SMD,any brand with the same value and package
25,U9,1,Texas Instruments,TLV320AIC3204IRHBR,TLV320AIC3204,Texas_RHB0032E_VQFN-32-1EP_5x5mm_P0.5mm_EP3.45x3.45mm,SMD,
26,"R11,R12,R13,R14",4,any,,resistor 33 1% 0603,R_0603_1608Metric,SMD,any brand with the same value and package
27,U8,1,Texas Instruments,OPA1652AIDR,OPA1652,SOIC-8_3.9x4.9mm_P1.27mm,SMD,
28,"R30,R40",2,any,,resistor 1k 1% 1206,R_1206_3216Metric,SMD,any brand with the same value and package
29,"R31,R32,R33,R41,R42,R43",6,any,,resistor 1M 1% 0603,R_0603_1608Metric,SMD,any brand with the same value and package
30,"C30,C40",2,any,,"ceramic capacitor 47nF C0G 1206, 25 V or more",C_1206_3216Metric,SMD,any brand with the same value and package
31,"C31,C41",2,any,,"ceramic capacitor 100pF C0G 0603, 25 V or more",C_0603_1608Metric,SMD,any brand with the same value and package
32,"R34,R44",2,any,,resistor 20k 1% 0603,R_0603_1608Metric,SMD,any brand with the same value and package
33,"C50,C51,C60,C61",4,,CL31A107MQHNNNE,"ceramic capacitor 100uF 6.3V X7R 1206, 25 V or more",C_1206_3216Metric,SMD,
34,"J1,J2",2,Neutrik,NMJ6HFD2,6.35 mm stereo PCB jack,Jack_6.35mm_Neutrik_NMJ6HFD2_Horizontal,THT,please fit and solder
35,"D61,D62",2,Nexperia,PESD15VL2BT,PESD15VL2BT,SOT-23,SMD,
